item,author,date
https://i.imgur.com/ys3IyJB.png,marty,20200227
https://i.imgur.com/MxoG4TE.jpg,Toadbert,20200227
stands for lots of loot,nico,20200227
https://i.imgur.com/Gqht7fh.png,marty,20200227
https://i.imgur.com/TRo8QOW.jpg,marty,20200227
http://i.imgur.com/fB7AjLO.jpg,marty,20200227
http://i.imgur.com/Sz95oBc.png,marty,20200227
http://i.imgur.com/rPO9Loh.png,marty,20200227
http://i.imgur.com/RAaGE.jpg,marty,20200227
https://i.imgur.com/8rVexXj.png,marty,unknown
https://i.imgur.com/nLwD7cY.png,marty,unknown
https://i.imgur.com/okIW1FP.png,marty,20200308
https://i.imgur.com/sfZiloA.png,marty,unknown
https://i.imgur.com/VwYnrDh.png,marty,unknown
https://i.imgur.com/agbNwkf.jpg,marty,20200313
https://i.imgur.com/CgviqUd.png,marty,20200314
https://i.imgur.com/kAfbXRL.png,marty,20200314
https://i.imgur.com/iu7rA5N.jpg,marty,20200318
https://i.imgur.com/XmwxRtL.png,groden,20200327
https://i.imgur.com/txpDzYI.jpg,marty,20200327
https://i.imgur.com/1b3TuTI.jpg,marty,20200327
https://i.imgur.com/m4A8jWE.jpg,marty,20200328
https://i.imgur.com/0OOk65q.jpg,marty,20200328
https://i.imgur.com/VRGimRK.jpg,marty,20200329
https://i.imgur.com/rgF6ojQ.gif,marty,20200329
https://i.imgur.com/pI5jZ3y.jpg,marty,20200329
https://i.imgur.com/Lzu7zxN.png,marty,20200329
https://i.imgur.com/e2nHX3D.jpg,marty,20200329
https://i.imgur.com/v9AW0u3.png,marty,20200329
https://i.imgur.com/mjICvz2.jpg,marty,20200329
https://i.imgur.com/DVjW5hY.jpg,marty,20200329
https://i.imgur.com/Mbc4mCx.jpg,marty,20200330
https://i.imgur.com/nmJxwjB.jpg,marty,20200330
https://i.imgur.com/K1qXt2x.jpg,marty,20200330
https://i.imgur.com/wCD2zD3.jpg,marty,20200330
https://i.imgur.com/b18BDML.jpg,nico,20200330
https://i.imgur.com/7spYyaC.jpg,marty,20200330
https://i.imgur.com/W1nEpb9.png,marty,20200330
https://i.imgur.com/kPm3EuZ.png,marty,20200330
https://i.imgur.com/7BW6IZ9.png,marty,20200331
https://i.imgur.com/e2TVNRi.png,marty,unknown
https://i.imgur.com/3Eua1uo.png,marty,unknown
https://i.imgur.com/UdHSNdi.png,marty,unknown
https://i.imgur.com/Uj6uKvB.jpg,marty,unknown
https://i.imgur.com/qeSyj0r.jpg,marty,unknown
https://i.imgur.com/PIGrf1P.png,marty,unknown
https://i.imgur.com/jLLEwz4.png,marty,unknown
https://i.imgur.com/NLOmAk6.png,marty,unknown
https://i.imgur.com/thTkOj7.jpg,marty,unknown
https://i.imgur.com/JF5uljC.png,marty,unknown
https://i.imgur.com/Od2FKab.png,marty,unknown
https://i.imgur.com/Fyyj3Je.png,marty,unknown
https://i.imgur.com/mQaUeSh.png,marty,unknown
https://i.imgur.com/tYNW2uy.jpg,marty,unknown
https://i.imgur.com/4XQ9pXT.jpg,marty,unknown
https://i.imgur.com/prOO59L.png,marty,unknown
https://i.imgur.com/c9PmoZX.png,marty,20200401
https://i.imgur.com/ytq3Uii.jpg,marty,20200402
https://i.imgur.com/lCucRRE.jpg,turb,20200402
https://i.imgur.com/tobHXp8.jpg,marty,20200403
https://i.imgur.com/cryDLJG.gif,marty,20200403
https://i.imgur.com/zhBFy3X.jpg,turb,20200404
https://i.imgur.com/uTQsZhy.png,turb,20200404
https://i.imgur.com/zvO7XhA.png,marty,20200404
https://i.imgur.com/aOyHvfu.jpg,Toadbert,20200405
https://i.imgur.com/vK1lEex.jpg,Toadbert,20200405
https://i.imgur.com/THJTau3.jpg,Toadbert,20200405
https://i.imgur.com/Cw0JoCy.png,turb,20200405
https://i.imgur.com/V96ypQn.png,Toadbert,20200405
https://i.imgur.com/pufhHpt.jpg,turb,20200405
https://i.imgur.com/yCsvgLz.png,turb,20200405
https://i.imgur.com/hUx157c.png,marty,20200405
https://i.imgur.com/Ttcg5Nr.jpg,marty,20200405
https://i.imgur.com/jyZJe1T.jpg,marty,20200405
https://i.imgur.com/k98k50l.jpg,biinny,20200405
https://i.imgur.com/yCpwWmm.jpg,marty,20200405
https://i.imgur.com/nQnN6r8.jpg,marty,20200405
https://i.imgur.com/mdEunL9.jpg,marty,20200405
https://i.imgur.com/B0yfwM7.jpg,marty,20200405
https://i.imgur.com/R6CKuM6.jpg,marty,20200405
https://i.imgur.com/pNRkO2h.jpg,marty,20200405
https://i.imgur.com/fiX54hm.png,marty,20200405
https://i.imgur.com/xxz6mx7.jpg,Toadbert,20200405
https://i.imgur.com/U59F9Wx.png,marty,20200405
https://i.imgur.com/0s8DN07.jpg,Lord_Bowser,20200405
https://i.imgur.com/u3Ia93H.png,marty,20200405
https://i.imgur.com/kcA03C4.png,Toadbert,20200405
https://i.imgur.com/Gx3OtGu.jpg,Toadbert,20200405
https://i.imgur.com/TIWvQDz.gif,nico,20200405
https://i.imgur.com/moKkhe6.jpg,marty,20200405
https://i.imgur.com/1wU8RsP.jpg,Toadbert,20200405
https://i.imgur.com/5sH8DD5.jpg,marty,20200405
https://i.imgur.com/m4IJC2x.jpg,Toadbert,20200405
https://i.imgur.com/6V1vZx5.jpg,Toadbert,20200405
https://i.imgur.com/WcxMwKy.jpg,marty,20200405
https://i.imgur.com/Wzxowbx.jpg,marty,20200405
https://i.imgur.com/dteFaT8.jpg,marty,20200405
https://i.imgur.com/Nk29zMA.jpg,marty,20200405
https://i.imgur.com/mCQtwp3.gif,marty,20200405
https://i.imgur.com/E5tuoI6.jpg,marty,20200405
https://i.imgur.com/c7dhwkY.jpg,marty,20200405
https://i.imgur.com/zWoTf6K.png,marty,20200405
https://i.imgur.com/bfWbFAV.png,marty,20200405
https://i.imgur.com/0YG78CI.png,marty,20200405
https://i.imgur.com/ZzM34vQ.jpg,marty,20200405
https://i.imgur.com/YXbMcqp.jpg,marty,20200405
https://i.imgur.com/OJqLX7D.png,marty,20200405
https://i.imgur.com/S4Uxp2s.jpg,marty,20200405
https://i.imgur.com/r0LaoUE.jpg,marty,20200405
https://i.imgur.com/afzpbND.jpg,marty,20200405
https://i.imgur.com/LymDy6i.png,marty,20200405
https://i.imgur.com/nGopXpB.jpg,marty,20200405
https://i.imgur.com/btQlxUa.jpg,Toadbert,20200406
https://i.imgur.com/z5iOY9y.png,GBAToad,20200407
https://i.imgur.com/yamYswU.png,GBAToad,20200407
https://i.imgur.com/TM528Og.png,marty,20200407
https://i.imgur.com/MbJiA9G.gif,marty,20200407
https://i.imgur.com/KJKy2Vt.jpg,marty,20200407
https://i.imgur.com/fmQ8mXP.jpg,marty,20200407
https://i.imgur.com/QGPZDpe.png,marty,20200407
https://i.imgur.com/5WX0rsx.jpg,marty,unknown
https://i.imgur.com/PTKnD5P.jpg,marty,unknown
https://i.imgur.com/aU9reVY.jpg,marty,unknown
https://i.imgur.com/akTvjQ2.jpg,marty,unknown
https://i.imgur.com/2FX1xdf.jpg,marty,unknown
https://i.imgur.com/mNbIFUx.png,,unknown
https://i.imgur.com/avwvNJs.jpg,dave,unknown
https://i.imgur.com/FV5huuB.png,marty,unknown
https://i.imgur.com/toHAqE1.png,marty,unknown
https://i.imgur.com/aedQWkU.gif,marty,unknown
https://i.imgur.com/5lbh81J.jpg,,unknown
https://i.imgur.com/zVdoSBv.jpg,marty,unknown
https://i.imgur.com/njHl18M.png,marty,unknown
https://i.imgur.com/bxEqy4b.jpg,GBAToad,unknown
https://i.imgur.com/AQjSu3H.jpg,marty,unknown
https://i.imgur.com/o95rfwo.jpg,,unknown
https://i.imgur.com/qO2UoML.gif,GBAToad,unknown
https://i.imgur.com/qCKnJr9.jpg,,unknown
https://i.imgur.com/LbFW2PE.jpg,marty,unknown
https://i.imgur.com/1UG4c92.jpg,marty,unknown
https://i.imgur.com/grHFIfW.jpg,marty,unknown
https://i.imgur.com/zCdgD6Y.png,marty,unknown
https://i.imgur.com/WibaihC.jpg,marty,unknown
https://i.imgur.com/TKwsTeD.jpg,marty,unknown
https://i.imgur.com/O8CEqm0.jpg,Toadbert,unknown
https://i.imgur.com/gEvzrd2.jpg,marty,unknown
https://i.imgur.com/Iu1ks9K.jpg,Toadbert,unknown
https://i.imgur.com/Vp5z27a.jpg,marty,unknown
https://i.imgur.com/1mweUcZ.jpg,Toadbert,unknown
https://i.imgur.com/W8X1X0p.jpg,marty,unknown
https://i.imgur.com/UkwLD2x.jpg,Toadbert,unknown
https://i.imgur.com/V3OyGYB.gif,marty,unknown
https://i.imgur.com/a5h590u.jpg,Toadbert,unknown
https://i.imgur.com/fBo4luT.gif,Toadbert,unknown
https://i.imgur.com/m77VzzW.gifv,marty,unknown
https://i.imgur.com/GQ4e1eY.png,groden prob,unknown
https://i.imgur.com/itiSbpw.png,Toadbert,unknown
https://i.imgur.com/0dQjAJx.png,Toadbert,unknown
https://i.imgur.com/PrCXMv9.png,Toadbert,unknown
https://i.imgur.com/Z2IbvBv.gifv,Toadbert,unknown
https://i.imgur.com/kAtUi7Y.png,Toadbert probably idk,unknown
https://i.imgur.com/VJO7rm9.jpg,,unknown
https://i.imgur.com/wrTdynd.png,,unknown
https://i.imgur.com/Lna81RP.jpg,marty,unknown
https://i.imgur.com/vop1zva.jpg,marty,unknown
https://i.imgur.com/hE0JFGK.png,,unknown
https://i.imgur.com/d3dQF2L.jpg,GBAToad,unknown
https://i.imgur.com/aYlOgyE.png,marty,unknown
https://i.imgur.com/iABsmNE.jpg,,unknown
https://i.imgur.com/RfKDc7Q.jpg,marty,unknown
https://i.imgur.com/QY8ygdx.png,Snack,unknown
https://i.imgur.com/oBsjxRa.png,marty,unknown
https://i.imgur.com/6dRuq0y.png,groden,unknown
https://i.imgur.com/gmkJ4Z6.png,Toadbert i guess,unknown
https://i.imgur.com/pBPqlTv.png,marty,unknown
https://i.imgur.com/J4mNeBU.jpg,marty,unknown
https://i.imgur.com/xo2Adji.jpg,marty,unknown
https://i.imgur.com/s0aJWk7.png,marty,unknown
https://i.imgur.com/kPOuBbC.png,marty,unknown
https://i.imgur.com/1JNzHge.jpg,marty,unknown
https://i.imgur.com/ZJk1EnW.mp4,marty,unknown
https://i.imgur.com/XPxeMpq.png,marty likely,unknown
https://i.imgur.com/9EUjSAD.jpg,marty,unknown
https://i.imgur.com/WhAJVQD.jpg,marty,unknown
https://i.imgur.com/UGORGmA.jpg,,unknown
https://i.imgur.com/eHEd1f2.png,marty,unknown
https://i.imgur.com/jy2CCXm.jpg,marty,unknown
https://i.imgur.com/iBgsYxl.jpg,,unknown
https://i.imgur.com/JO1jWqi.png,marty,unknown
https://i.imgur.com/GHIfQ5I.jpg,groden,unknown
https://i.imgur.com/dlTUJTE.jpg,marty,unknown
https://i.imgur.com/vbyAvpP.jpg,marty,unknown
https://i.imgur.com/Qrzwa71.jpg,Toadbert,unknown
https://i.imgur.com/BMhyvIb.jpg,marty,unknown
https://i.imgur.com/WLYSuh6.jpg,marty,unknown
https://i.imgur.com/oLhBySK.jpg,marty,unknown
https://i.imgur.com/U0x9rge.png,groden,unknown
https://i.imgur.com/HieZZlF.png,Toadbert,unknown
https://i.imgur.com/6ORu5OG.jpg,,unknown
https://i.imgur.com/3qHfdp6.jpg,GBAToad,unknown
https://i.imgur.com/X0HsD0l.jpg,Toadbert,unknown
https://i.imgur.com/2R8NOk5.png,Snack,unknown
https://i.imgur.com/1H9xPLJ.jpg,GBAToad,unknown
https://i.imgur.com/t6rN5Ou.png,Snack,unknown
https://i.imgur.com/QVfykxc.jpg,Snack,unknown
https://i.imgur.com/11J30xg.png,Snack,unknown
https://i.imgur.com/SfhlASi.jpg,Snack,unknown
https://i.imgur.com/kH8uI0F.jpg,Snack,unknown
https://i.imgur.com/n1w8YMG.png,Snack,unknown
https://i.imgur.com/i2PDoFl.png,Snack,unknown
https://i.imgur.com/ieszkAN.png,Snack,unknown
https://i.imgur.com/2dG2Lsq.jpg,Snack,unknown
https://i.imgur.com/JHQUEga.jpg,Snack,unknown
https://i.imgur.com/f9vAnd7.png,Snack,unknown
https://i.imgur.com/M6oqrBJ.png,Snack,unknown
https://i.imgur.com/5mkOkC4.jpg,GBAToad,unknown
https://i.imgur.com/vrvEWwq.jpg,,unknown
https://i.imgur.com/86AS763.png,marty,unknown
https://i.imgur.com/wimrmWU.jpg,marty,unknown
https://i.imgur.com/MSvOHpB.jpg,Toadbert,unknown
https://i.imgur.com/a5JPd9f.jpg,marty,unknown
https://i.imgur.com/O9GmetR.jpg,,unknown
https://i.imgur.com/MVYuYkJ.png,marty,unknown
https://i.imgur.com/1Acy2CA.jpg,Toadbert,unknown
https://i.imgur.com/d0MBjte.jpg,Toadbert,unknown
https://i.imgur.com/ALIeVt5.png,marty,unknown
https://i.imgur.com/7f0qqg8.png,marty,unknown
https://i.imgur.com/IXCBRKK.png,Toadbert,unknown
https://i.imgur.com/d1F6WHK.jpg,marty,unknown
https://i.imgur.com/u5nEbIg.jpg,Snack,unknown
https://i.imgur.com/RaI6Qfm.jpg,Toadbert,unknown
https://i.imgur.com/BJPf2bU.png,Honoka_Chaosaka,unknown
https://i.imgur.com/HxqhJYr.jpg,Toadbert,unknown
https://i.imgur.com/09WA75N.png,Toadbert,unknown
https://i.imgur.com/oKQH347.png,,unknown
https://i.imgur.com/zMV4x6W.jpg,marty,unknown
https://i.imgur.com/YivKjck.png,marty,unknown
https://i.imgur.com/gEEtzPv.jpg,Toadbert,unknown
https://i.imgur.com/xVIAHVI.jpg,Toadbert,unknown
https://i.imgur.com/DzH3LDf.jpg,,unknown
https://i.imgur.com/rlTu6Ka.png,marty,unknown
https://i.imgur.com/jg5a2PB.jpg,Snack,unknown
https://i.imgur.com/xV6VXc7.jpg,turb supposedly,unknown
https://i.imgur.com/Xw8h2SD.jpg,Snack,unknown
https://i.imgur.com/ZgD8h6r.jpg,marty,unknown
https://i.imgur.com/NZE3XOp.jpg,Snack,unknown
https://i.imgur.com/EtFiG6t.jpg,Snack,unknown
https://i.imgur.com/5F19WaU.jpg,turb,unknown
https://i.imgur.com/vfg0c4Y.png,groden,unknown
https://i.imgur.com/WDwNOeX.jpg,,unknown
https://i.imgur.com/R6qf5Fa.png,turb,unknown
https://i.imgur.com/gbYy2JV.png,Toadbert,unknown
https://i.imgur.com/Obtdm2h.jpg,marty,unknown
https://i.imgur.com/H8DVoYA.jpg,Toadbert,unknown
https://i.imgur.com/nAZ7Sl7.jpg,GBAToad,unknown
https://i.imgur.com/kDwhW80.jpg,turb,20200611
https://i.imgur.com/jgAuFZT.jpg,turb,20200611
https://i.imgur.com/IAaJIcx.jpg,nico,20200612
https://i.imgur.com/u9Vx4JI.jpg,Toadbert,unknown
https://i.imgur.com/AZzv9aZ.png,groden,unknown
https://i.imgur.com/6ttQYA0.png,marty,unknown
https://i.imgur.com/Kl1e9WM.png,,unknown
https://i.imgur.com/aBvCAQH.png,Toadbert,unknown
https://i.imgur.com/n98ZwT8.jpg,,unknown
https://i.imgur.com/CYfYjAm.jpg,Toadbert,unknown
https://i.imgur.com/uYEyaGR.png,Snack,unknown
https://www.youtube.com/watch?v=Wl959QnD3lM,turb,unknown
https://i.imgur.com/IfnMROp.png,,unknown
https://i.imgur.com/FMGz8j0.jpg,Toadbert,unknown
https://i.imgur.com/Dhw14sn.jpg,turb,unknown
https://i.imgur.com/Sa00NXe.png,,unknown
https://i.imgur.com/TinfTAu.jpg,marty,unknown
https://i.imgur.com/KNvJi2o.png,groden,unknown
https://i.imgur.com/NLWjx9U.jpg,marty,unknown
https://i.imgur.com/A6AEheu.png,,unknown
https://i.imgur.com/B0QIZl4.gifv,nico,20200621-232621
https://i.imgur.com/6TerEAR.jpg,marty,20200621-233950
https://i.imgur.com/i5F7GSN.png,marty,20200621-234641
https://i.imgur.com/CMzb0bw.jpg,marty,20200621-234926
https://i.imgur.com/8711bMC.jpg,marty,20200621-235425
https://i.imgur.com/xAp8gfF.png,Toadbert,20200622-150230
https://i.imgur.com/AmQ2OXY.png,Snack,20200622-173208
https://i.imgur.com/0m0MGAi.jpg,marty,20200622-191435
https://i.imgur.com/XxPVz1J.jpg,marty,20200623-122134
https://i.imgur.com/cm04qB9.jpg,marty,20200623-155916
https://i.imgur.com/WtH42yG.png,Toadbert,20200623-200109
https://i.imgur.com/BXJ6vGQ.png,groden,20200624-005259
https://i.imgur.com/oBF5xe6.jpg,mayanryan,20200624-151346
https://i.imgur.com/yHbXM9i.png,marty,20200624-154526
https://i.imgur.com/wbFRe2D.png,marty,20200624-155050
https://i.imgur.com/WixWUuR.png,marty,20200624-155505
https://i.imgur.com/UxAaVlq.png,groden,20200624-233855
https://i.imgur.com/F109piX.jpg,Toadbert,20200625-022133
https://i.imgur.com/qYIhMet.gif,marty,20200625-182009
https://i.imgur.com/r9PhsSj.png,marty,20200626-172110
https://i.imgur.com/PC4LFSv.gif,marty,20200626-181358
https://i.imgur.com/w8Or9cq.jpg,Snack,20200626-200821
https://i.imgur.com/02wYRGC.png,groden,20200626-224052
https://i.imgur.com/uIWQHGE.png,marty,20200627-004554
https://i.imgur.com/9QJExvc.jpg,AndChat|540321,20200627-051354
https://i.imgur.com/3FdiZFa.png,Toadbert,20200627-203219
https://i.imgur.com/OAbAGaI.jpg,Toadbert,20200701-154536
https://i.imgur.com/YDMKVG2.png,Toadbert,20200701-233910
https://i.imgur.com/bDlLvbT.gif,Toadbert,20200701-234325
https://i.imgur.com/VWrD11x.gif,Toadbert,20200701-234715
https://i.imgur.com/Q1l3CUc.jpg,Toadbert,20200701-235148
https://i.imgur.com/1LCvA9y.mp4,Toadbert,20200702-000803
https://i.imgur.com/RNA31XF.jpg,Toadbert,20200702-003104
https://i.imgur.com/eyBkP2K.jpg,marty,20200702-120404
https://i.imgur.com/CWqgPCY.jpg,Toadbert,20200703-223312
https://i.imgur.com/W0Qe2v0.png,marty,20200703-223932
https://i.imgur.com/PqfkohY.png,Toadbert,20200706-212736
https://i.imgur.com/cWvVaaN.jpg,Toadbert,20200707-223803
https://i.imgur.com/RmE0Dse.jpg,Toadbert,20200708-181439
https://i.imgur.com/oWjAkOZ.png,marty,20200709-125628
https://i.imgur.com/WUIhiGZ.jpg,Toadbert,20200709-145559
https://i.imgur.com/az7Jyai.jpg,Toadbert,20200709-192442
https://www.youtube.com/watch?v=pYcpZJVmXvU,marty,20200710-000000
https://i.imgur.com/teC5ex2.jpg,Toadbert,20200712-210736
https://i.imgur.com/UkeUXA0.jpg,Snack,20200715-053822
https://i.imgur.com/dG12Vre.jpg,Snack,20200715-065952
https://i.imgur.com/6yWX1z1.png,Toadbert,20200715-140018
https://i.imgur.com/IGUR6rh.jpeg,GBAToad,20200715-231035
https://i.imgur.com/4bEwEad.jpg,GBAToad,20200715-231135
https://i.imgur.com/rTq8Vtj.jpg,mfan168,20200716-011357
https://i.imgur.com/FFLkE49.png,Snack,20200716-024013
https://i.imgur.com/SHXhEyM.jpg,turb,20200716-042017
https://i.imgur.com/oJbKiWj.jpg,Snack,20200716-053027
https://i.imgur.com/X09IaLH.jpg,Snack,20200716-053343
https://i.imgur.com/MeLQadO.gif,Snack,20200716-053609
https://i.imgur.com/HsewhJ5.png,Snack,20200716-055247
https://i.imgur.com/O47BpVN.png,turb,20200719-225102
https://i.imgur.com/PGot64r.png,Toadbert,20200719-225703
https://i.imgur.com/X4rcqzY.png,Toadbert,20200719-225734
https://i.imgur.com/kFmKQyr.png,marty,20200720-195634
https://www.youtube.com/watch?v=ifLROQxQo_U,,
https://i.imgur.com/xWkVNsk.jpeg,Toadbert,20200722-020231
https://i.imgur.com/eikLbMK.jpeg,Toadbert,20200722-134801
https://i.imgur.com/xCH0mgF.jpeg,marty,20200722-142838
https://i.imgur.com/T1QipbQ.png,marty,20200724-122238
https://i.imgur.com/Lgt5FvN.jpeg,WikiGuest54,20200725-010106
https://i.imgur.com/stqQ0Og.jpeg,marty,20200725-134943
https://i.imgur.com/8HSr8bh.png,Snack,20200725-221046
https://i.imgur.com/yW8CmGQ.jpeg,turb,20200726-052850
https://i.imgur.com/09NXOMl.png,Snack,20200726-162321
https://i.imgur.com/TxmUwPK.png,Snack,20200726-163013
https://i.imgur.com/PBAqHSo.jpeg,turb,20200726-164344
https://i.imgur.com/pvTv0gl.png,Toadbert,20200727-173202
https://i.imgur.com/rLsHIN6.png,marty,20200727-215244
https://i.imgur.com/rlNhpML.jpeg,tb,20200728-022912
https://i.imgur.com/YUY0Jz3.jpg,marty,20200729-001728
https://i.imgur.com/NTNrb6H.png,Toadbert,20200730-170551
https://i.imgur.com/zBd4y7m.jpg,marty,20200801-011816
https://i.imgur.com/fTTN3Xm.png,Snack,20200801-041541
https://i.imgur.com/j3pHVeD.jpeg,Snack,20200801-235510
https://i.imgur.com/Zrqm53y.jpg,marty,20200802-125726
https://i.imgur.com/CTJJd4b.jpg,WikiGuest68,20200802-181258
https://i.imgur.com/rSsOpCI.jpeg,martini8,20200802-195312
https://i.imgur.com/jehRhRF.jpg,Toadbert,20200803-231518
https://i.imgur.com/x4sf62Z.png,Toadbert,20200803-234047
https://i.imgur.com/OqWUo1z.jpg,Toadbert,20200803-234659
https://i.imgur.com/qCfEWGq.jpeg,marty,20200806-102424
https://i.imgur.com/et5klXb.jpg,martini8,20200806-224242
https://i.imgur.com/CEvp4iC.jpg,turb2,20200807-152215
https://i.imgur.com/CLJejF0.gif,Snack,20200808-055258
https://i.imgur.com/Gf5ZvjW.jpg,Snack,20200808-060312
https://i.imgur.com/iSMMruu.jpg,Snack,20200808-060322
https://i.imgur.com/hnytDVg.jpg,Snack,20200808-060332
https://i.imgur.com/U7dqOfF.png,turb2,20200808-235221
https://i.imgur.com/p6ytly9.gif,marty,20200809-222140
https://i.imgur.com/ZJaXy7Q.jpg,martini8,20200809-232925
https://i.imgur.com/33X9B0r.mp4,marty,20200812-161910
https://i.imgur.com/g2Lsg5t.jpg,Snack,20200817-162315
https://i.imgur.com/0CVo5Cm.jpeg,martini8,20200817-181602
https://i.imgur.com/zZml7cl.png,martini8,20200819-093117
https://i.imgur.com/MajoTaf.jpg,Toadbert,20200820-153545
https://i.imgur.com/uOsiYYA.jpg,marty,20200821-093627
https://i.imgur.com/RDsfbge.jpg,GBAToad,20200822-235415
https://i.imgur.com/gg5yIdT.jpg,Snack,20200822-235613
https://i.imgur.com/P69aeOi.jpg,Toadbert,20200824-221709
https://i.imgur.com/m9KUPsD.jpg,marty,20200825-101657
https://i.imgur.com/y4n9Z9z.png,marty,20200825-164841
https://i.imgur.com/VF2ppPX.png,marty,20200826-194201
https://i.imgur.com/PCR3aX6.jpg,Toadbert,20200826-201404
https://i.imgur.com/6UJWYGq.jpeg,Snack,20200827-023802
https://i.imgur.com/CMaE3v2.png,marty,20200828-014052
https://www.youtube.com/watch?v=IaFGEM35GpI,marty,
https://i.imgur.com/9Yof4Eh.jpeg,turb,20200829-045640
https://i.imgur.com/JyRpPcG.png,groden,20200829-045819
https://i.imgur.com/lnDeL8K.jpeg,turb,20200829-051433
https://i.imgur.com/StAU1sc.jpeg,turb,20200829-051520
https://i.imgur.com/YuoUqBJ.jpeg,martini8,20200903-114805
https://i.imgur.com/PJtHNrS.png,groden,20200903-213529
https://i.imgur.com/0R8wcVw.png,haruhi,20200905-040427
https://i.imgur.com/XuRvtGy.png,marty,20200905-123031
https://i.imgur.com/AP7RLKV.jpeg,Toadbert,20200906-231844
https://i.imgur.com/1usr49H.png,marty,20200907-183619
https://i.imgur.com/UEMgXE7.jpg,marty,20200909-093926
https://i.imgur.com/4o7TJzy.jpeg,groden,20200909-212445
https://i.imgur.com/cemJaoC.jpeg,Snack,20200911-042912
https://i.imgur.com/4Ac3Zfq.jpg,marty,20200911-114226
https://i.imgur.com/Nxai7S1.jpg,nico,20200911-180021
https://i.imgur.com/8xA3C7O.png,nico,20200911-185029
https://i.imgur.com/EmbYtqx.png,Snack,20200911-194213
https://i.imgur.com/6M43Xmm.png,marty,20200915-140323
https://i.imgur.com/h8uMPtQ.png,Toadbert,20200915-191204
https://i.imgur.com/ByF0hlZ.jpeg,Toadbert,20200915-191949
https://i.imgur.com/bR2t7ih.png,Toadbert,20200916-202320
https://i.imgur.com/gIGFwhP.gif,marty,20200924-104925
https://i.imgur.com/mVespKj.jpg,Snack,20200924-170241
https://i.imgur.com/VdtJ5Oj.jpeg,turb,20200927-222725
https://i.imgur.com/wTHWeMc.png,Snack,20200928-163952
https://i.imgur.com/aHx3U5H.png,turb,20200928-164354
https://imgur.com/NUdXs4O.mp4,marty,20200929-095601
https://i.imgur.com/pgyETDF.jpg,marty,20200929-120216
https://i.imgur.com/wlUksMv.png,Toadbert,20200929-172023
https://i.imgur.com/ZRZFTGQ.jpeg,Snack,20201001-045420
https://i.imgur.com/o3KK4cb.jpeg,Toadbert,20201001-161700
https://i.imgur.com/oJ8Bnse.jpg,marty,20201003-114840
https://i.imgur.com/0kvSGh0.jpeg,marty,20201005-091744
https://i.imgur.com/YBbLoZ2.png,marty,20201006-121400
https://i.imgur.com/1cbiuYi.png,Snack,20201006-213106
https://i.imgur.com/1NG5zY0.mp4,Toadbert,20201008-040537
https://i.imgur.com/exw9kYf.jpg,marty,20201008-092014
https://i.imgur.com/JfY7XAJ.jpg,marty,20201008-144449
https://i.imgur.com/HGJ1glc.png,marty,20201012-012228
https://i.imgur.com/EyVPUKV.png,marty,20201012-111853
https://i.imgur.com/57NTQGy.jpg,marty,20201015-235259
https://i.imgur.com/GTcj9JL.jpeg,marty,20201018-015501
https://i.imgur.com/tIp2QYc.png,Nabber,20201021-110706
https://i.imgur.com/ezZOco5.jpg,Toadbert,20201022-203907
https://i.imgur.com/Enzbdn8.png,nico,20201022-221244
https://i.imgur.com/qrjKGzq.png,Snack,20201023-172612
https://i.imgur.com/FGhVgfl.jpg,Snack,20201023-172700
https://i.imgur.com/NPQRjS5.png,Snack,20201023-172818
https://i.imgur.com/Zon6ri4.png,Snack,20201023-173051
https://i.imgur.com/yMRBC2g.jpeg,Snack,20201024-175329
https://i.imgur.com/jpl49hU.png,Toadbert,20201029-021940
https://i.imgur.com/SlZTAny.png,marty,20201031-032712
https://i.imgur.com/47O2YWa.jpeg,marty,20201101-011506
https://i.imgur.com/Ksr5LtR.jpeg,Toadbert,20201102-210058
https://www.youtube.com/watch?v=dGUYJn9kjJ4,marty,20201103-152100
https://i.imgur.com/GUMwKn4.jpg,Toadbert,20201103-201834
https://i.imgur.com/vOIsby7.jpeg,marty,20201105-130958
https://i.imgur.com/YaHN1jk.jpg,Toadbert,20201105-221556
https://i.imgur.com/NV0MmsA.jpeg,marty,20201106-091113
https://i.imgur.com/q5fbP1Y.png,Toadbert,20201107-230420
https://i.imgur.com/X98s9n4.jpg,Toadbert,20201107-231936
https://i.imgur.com/Kv6FF3E.jpeg,marty,20201109-103155
https://i.imgur.com/HFO4ad6.jpg,marty,20201109-104116
https://i.imgur.com/YopmoFK.jpeg,marty,20201202-202409
https://i.imgur.com/WDULXci.png,marty,20201221-180329
https://i.imgur.com/9WiSSkR.jpeg,martini8,20201225-043131
https://i.imgur.com/LMXoDy9.png,Toadbert,20201229-163556
https://i.imgur.com/yl6oUfZ.jpeg,marty,20201230-183701
https://i.imgur.com/Da9VDT9.jpg,Snack,20201231-174652
https://i.imgur.com/tvI7UZi.jpeg,marteeny,20210106-110401
https://i.imgur.com/65g9l6i.jpg,groden,20210108-184540
https://i.imgur.com/tywWRvF.png,Snack,20210108-203307
https://i.imgur.com/jl7qYH5.jpeg,Snack,20210108-204636
https://i.imgur.com/Xo3fv5I.png,grooooden,20210111-015152
https://i.imgur.com/ld9kut2.png,turb,20210113-175158
https://i.imgur.com/cqQpcJZ.jpg,marty,20210114-234220
https://www.youtube.com/watch?v=Hyph_DZa_GQ,marty,20210118-011201
https://i.imgur.com/sR24xVW.jpeg,Snack,20210118-181609
https://i.imgur.com/UCZ1XOv.jpg,nico,20210120-204735
https://i.imgur.com/8WLHipA.png,Snack,20210120-215010
https://i.imgur.com/vO3CwlI.png,Snack,20210121-171110
https://i.imgur.com/nHwcZfX.png,marty,20210121-172742
https://i.imgur.com/EGnztKm.jpeg,Toadbert,20210125-123329
https://i.imgur.com/DWfimhS.jpeg,Toadbert,20210126-011756
https://i.imgur.com/bGZd3av.jpg,Toadbert,20210128-175141
https://i.imgur.com/H24S2VT.png,nico,20210131-000917
https://i.imgur.com/YdkbrJl.png,Snack,20210131-023723
https://i.imgur.com/brFClHG.png,Toadbert,20210202-224635
https://i.imgur.com/CefZUSG.jpg,marty,20210203-031210
https://i.imgur.com/sDtvVjG.jpg,Snack,20210203-065753
https://i.imgur.com/2ltjBvC.png,grooden,20210204-013920
https://i.imgur.com/ZylGtCt.png,marty,20210205-085444
https://i.imgur.com/7T20FmK.jpeg,marty,20210205-090119
https://i.imgur.com/q4RXtOw.jpeg,grooooden,20210205-161701
https://i.imgur.com/dLBHf6W.jpg,marty,20210207-125034
https://i.imgur.com/sp7YUeq.png,Snack,20210207-165815
https://i.imgur.com/mRhQdN0.jpg,Snack,20210208-234817
https://i.imgur.com/8bdC9P1.png,Toadbert,20210209-004640
https://i.imgur.com/v8a1vxe.jpg,martini8,20210209-022255
https://i.imgur.com/HX235RJ.jpg,Toadbert,20210210-035332
https://i.imgur.com/MfkEe7M.png,Toadbert,20210211-021641
https://i.imgur.com/wS7DlwL.gif,marty,20210211-225934
https://i.imgur.com/EfT3Vot.jpg,nico,20210212-220844
https://i.imgur.com/jSUtxvS.jpeg,Snack,20210213-035412
https://i.imgur.com/lnU1yUv.jpg,marty,20210213-124325
